{"cameraMode":{"drawMode":0,"name":"Shaded","section":"Shading Mode"},"sceneLighting":false,"audioPlay":false,"sceneViewState":{"showFog":true,"showMaterialUpdate":false,"showSkybox":true,"showFlares":true,"showImageEffects":true,"showParticleSystems":true},"in2DMode":false,"pivot":{"x":1.043213963508606,"y":4.471282005310059,"z":15.167829513549805},"rotation":{"x":0.08061742037534714,"y":0.8552824258804321,"z":-0.14005298912525178,"w":0.4923190772533417},"size":1.5731608867645264,"orthographic":false}