{"cameraMode":{"drawMode":0,"name":"Shaded","section":"Shading Mode"},"sceneLighting":false,"audioPlay":false,"sceneViewState":{"showFog":true,"showMaterialUpdate":false,"showSkybox":true,"showFlares":true,"showImageEffects":true,"showParticleSystems":true},"in2DMode":false,"pivot":{"x":79.22251892089844,"y":367.7173156738281,"z":21.711929321289064},"rotation":{"x":0.002969334600493312,"y":0.9808728098869324,"z":-0.19404757022857667,"w":0.01500943023711443},"size":116.67262268066406,"orthographic":false}