{"cameraMode":{"drawMode":0,"name":"Shaded","section":"Shading Mode"},"sceneLighting":false,"audioPlay":false,"sceneViewState":{"showFog":true,"showMaterialUpdate":false,"showSkybox":true,"showFlares":true,"showImageEffects":true,"showParticleSystems":true},"in2DMode":false,"pivot":{"x":1.386000156402588,"y":2.105600118637085,"z":11.805999755859375},"rotation":{"x":-0.026202574372291566,"y":0.9561566114425659,"z":-0.2773401141166687,"w":-0.09033554047346115},"size":9.109614372253418,"orthographic":false}