{"cameraMode":{"drawMode":0,"name":"Shaded","section":"Shading Mode"},"sceneLighting":false,"audioPlay":false,"sceneViewState":{"showFog":true,"showMaterialUpdate":false,"showSkybox":true,"showFlares":true,"showImageEffects":true,"showParticleSystems":true},"in2DMode":false,"pivot":{"x":0.9359999299049377,"y":1.9040000438690186,"z":17.666000366210939},"rotation":{"x":-0.026202574372291566,"y":0.9561566114425659,"z":-0.2773401141166687,"w":-0.09033554047346115},"size":8.928226470947266,"orthographic":false}