{"cameraMode":{"drawMode":0,"name":"Shaded","section":"Shading Mode"},"sceneLighting":false,"audioPlay":false,"sceneViewState":{"showFog":true,"showMaterialUpdate":false,"showSkybox":true,"showFlares":true,"showImageEffects":true,"showParticleSystems":true},"in2DMode":false,"pivot":{"x":0.3816971778869629,"y":0.04337668418884277,"z":0.40227675437927248},"rotation":{"x":0.07197027653455734,"y":0.8986521363258362,"z":-0.16103120148181916,"w":0.4016386866569519},"size":1.7234361171722413,"orthographic":false}