{"cameraMode":{"drawMode":0,"name":"Shaded","section":"Shading Mode"},"sceneLighting":false,"audioPlay":false,"sceneViewState":{"showFog":true,"showMaterialUpdate":false,"showSkybox":true,"showFlares":true,"showImageEffects":true,"showParticleSystems":true},"in2DMode":false,"pivot":{"x":-0.6985574960708618,"y":2.7991533279418947,"z":14.484129905700684},"rotation":{"x":0.23943863809108735,"y":-0.0131125058978796,"z":0.003233834635466337,"w":0.9708176255226135},"size":0.6722856760025024,"orthographic":false}